iteration,reward_mean,length_mean,games,loss
500,-1.0,2.0,9,0.02812
1000,-1.0,2.0,10,0.03459
1500,-1.0,2.0,9,0.02124
2000,-1.0,2.0,8,0.01899
